rule;findings;accuracy_over_models
error-prone::MissingCasesInEnumSwitch;12;0,202
sonarqube::java:S2178;10;0,357
sonarqube::java:S2142;16;0,679
spotbugs::EI_EXPOSE_REP2;6;0,690
error-prone::ReferenceEquality;10;0,786
sonarqube::java:S2095;21;0,864
error-prone::FutureReturnValueIgnored;17;0,866
spotbugs::CT_CONSTRUCTOR_THROW;25;0,897
spotbugs::AT_NONATOMIC_64BIT_PRIMITIVE;7;0,898
spotbugs::AT_STALE_THREAD_WRITE_OF_PRIMITIVE;25;0,977
error-prone::IntLongMath;10;0,986
error-prone::MissingOverride;8;1,000
error-prone::MissingSummary;12;1,000
error-prone::OperatorPrecedence;10;1,000
error-prone::SameNameButDifferent;10;1,000
sonarqube::java:S1845;6;1,000
sonarqube::java:S2259;6;1,000
sonarqube::java:S3776;6;1,000
spotbugs::SIC_INNER_SHOULD_BE_STATIC;6;1,000
